{"data_time": 0.0059743523597717285, "eta_seconds": 6210.328802838922, "fast_rcnn/cls_accuracy": 0.92236328125, "fast_rcnn/false_negative": 1.0, "fast_rcnn/fg_cls_accuracy": 0.0, "iteration": 19, "loss_box_reg": 0.1872029877267778, "loss_cls": 0.8768568579107523, "loss_rpn_cls": 0.45074530504643917, "loss_rpn_loc": 0.2993051470257342, "lr": 0.0038162, "roi_head/num_bg_samples": 493.5, "roi_head/num_fg_samples": 18.5, "rpn/num_neg_anchors": 213.25, "rpn/num_pos_anchors": 42.75, "time": 0.41457468643784523, "total_loss": 1.7769728812854737}
{"data_time": 0.006757780909538269, "eta_seconds": 6422.366801649332, "fast_rcnn/cls_accuracy": 0.9462890625, "fast_rcnn/false_negative": 1.0, "fast_rcnn/fg_cls_accuracy": 0.0, "iteration": 39, "loss_box_reg": 0.23070164723321795, "loss_cls": 0.35980453342199326, "loss_rpn_cls": 0.32442945800721645, "loss_rpn_loc": 0.23899174761027098, "lr": 0.0078122, "roi_head/num_bg_samples": 484.5, "roi_head/num_fg_samples": 27.5, "rpn/num_neg_anchors": 204.5, "rpn/num_pos_anchors": 51.5, "time": 0.44295843318104744, "total_loss": 1.1473108532372862}
{"data_time": 0.005879053846001625, "eta_seconds": 6480.669548772275, "fast_rcnn/cls_accuracy": 0.95166015625, "fast_rcnn/false_negative": 1.0, "fast_rcnn/fg_cls_accuracy": 0.0, "iteration": 59, "loss_box_reg": 0.24969297321513295, "loss_cls": 0.34436903707683086, "loss_rpn_cls": 0.26974968519061804, "loss_rpn_loc": 0.20175763429142535, "lr": 0.0118082, "roi_head/num_bg_samples": 487.25, "roi_head/num_fg_samples": 24.5, "rpn/num_neg_anchors": 206.25, "rpn/num_pos_anchors": 49.75, "time": 0.4466595258563757, "total_loss": 1.0581777994520962}
{"data_time": 0.006201270967721939, "eta_seconds": 6430.244259014726, "fast_rcnn/cls_accuracy": 0.95068359375, "fast_rcnn/false_negative": 1.0, "fast_rcnn/fg_cls_accuracy": 0.0, "iteration": 79, "loss_box_reg": 0.24083416583016515, "loss_cls": 0.28841399122029543, "loss_rpn_cls": 0.22921086475253105, "loss_rpn_loc": 0.17345343297347426, "lr": 0.0158042, "roi_head/num_bg_samples": 486.75, "roi_head/num_fg_samples": 25.25, "rpn/num_neg_anchors": 197.25, "rpn/num_pos_anchors": 58.75, "time": 0.4234807603061199, "total_loss": 0.9338139130268246}
{"data_time": 0.006359076127409935, "eta_seconds": 6391.565295867622, "fast_rcnn/cls_accuracy": 0.93896484375, "fast_rcnn/false_negative": 1.0, "fast_rcnn/fg_cls_accuracy": 0.0, "iteration": 99, "loss_box_reg": 0.24577479297295213, "loss_cls": 0.2818041890859604, "loss_rpn_cls": 0.22413009963929653, "loss_rpn_loc": 0.17369399638846517, "lr": 0.0198002, "roi_head/num_bg_samples": 483.25, "roi_head/num_fg_samples": 28.75, "rpn/num_neg_anchors": 201.25, "rpn/num_pos_anchors": 54.75, "time": 0.41667097993195057, "total_loss": 0.9211978025268763}
{"data_time": 0.006714785471558571, "eta_seconds": 6356.456826031208, "fast_rcnn/cls_accuracy": 0.9443359375, "fast_rcnn/false_negative": 1.0, "fast_rcnn/fg_cls_accuracy": 0.0, "iteration": 119, "loss_box_reg": 0.24766914546489716, "loss_cls": 0.24568309914320707, "loss_rpn_cls": 0.21083985175937414, "loss_rpn_loc": 0.1601308963727206, "lr": 0.02, "roi_head/num_bg_samples": 483.25, "roi_head/num_fg_samples": 28.75, "rpn/num_neg_anchors": 191.75, "rpn/num_pos_anchors": 64.25, "time": 0.41763417981565, "total_loss": 0.8526203569490463}
{"data_time": 0.006520340219140053, "eta_seconds": 6333.817136660218, "fast_rcnn/cls_accuracy": 0.9482421875, "fast_rcnn/false_negative": 1.0, "fast_rcnn/fg_cls_accuracy": 0.0, "iteration": 139, "loss_box_reg": 0.24065325176343322, "loss_cls": 0.23604146856814623, "loss_rpn_cls": 0.20837806910276413, "loss_rpn_loc": 0.17916945926845074, "lr": 0.02, "roi_head/num_bg_samples": 484.25, "roi_head/num_fg_samples": 27.75, "rpn/num_neg_anchors": 191.25, "rpn/num_pos_anchors": 64.75, "time": 0.4211182538419962, "total_loss": 0.8637689641909674}
{"data_time": 0.006898205727338791, "eta_seconds": 6323.1897554546595, "fast_rcnn/cls_accuracy": 0.9443359375, "fast_rcnn/false_negative": 0.9920634920634921, "fast_rcnn/fg_cls_accuracy": 0.0, "iteration": 159, "loss_box_reg": 0.2511909459717572, "loss_cls": 0.24572803871706128, "loss_rpn_cls": 0.20689524477347732, "loss_rpn_loc": 0.184343202970922, "lr": 0.02, "roi_head/num_bg_samples": 483.5, "roi_head/num_fg_samples": 28.5, "rpn/num_neg_anchors": 206.75, "rpn/num_pos_anchors": 49.25, "time": 0.4243264887481928, "total_loss": 0.8763972599990666}
{"data_time": 0.006115026772022247, "eta_seconds": 6314.667936377227, "fast_rcnn/cls_accuracy": 0.94384765625, "fast_rcnn/false_negative": 0.9244206773618537, "fast_rcnn/fg_cls_accuracy": 0.07207792207792207, "iteration": 179, "loss_box_reg": 0.2386442832648754, "loss_cls": 0.1989228157326579, "loss_rpn_cls": 0.19700258038938046, "loss_rpn_loc": 0.16681616171263158, "lr": 0.02, "roi_head/num_bg_samples": 484.25, "roi_head/num_fg_samples": 27.75, "rpn/num_neg_anchors": 210.5, "rpn/num_pos_anchors": 45.5, "time": 0.4263798799365759, "total_loss": 0.8032341642538086}
{"data_time": 0.006474604830145836, "eta_seconds": 6283.355997502804, "fast_rcnn/cls_accuracy": 0.9423828125, "fast_rcnn/false_negative": 0.8377220480668757, "fast_rcnn/fg_cls_accuracy": 0.16227795193312433, "iteration": 199, "loss_box_reg": 0.22438463754951954, "loss_cls": 0.1992771178483963, "loss_rpn_cls": 0.19189748028293252, "loss_rpn_loc": 0.16374952415935695, "lr": 0.02, "roi_head/num_bg_samples": 480.0, "roi_head/num_fg_samples": 32.0, "rpn/num_neg_anchors": 205.75, "rpn/num_pos_anchors": 50.25, "time": 0.4199719373136759, "total_loss": 0.784761150367558}
{"data_time": 0.006320767104625702, "eta_seconds": 6262.243097014725, "fast_rcnn/cls_accuracy": 0.9404296875, "fast_rcnn/false_negative": 0.7838050314465409, "fast_rcnn/fg_cls_accuracy": 0.20990566037735847, "iteration": 219, "loss_box_reg": 0.26672628335654736, "loss_cls": 0.19072821317240596, "loss_rpn_cls": 0.18789987079799175, "loss_rpn_loc": 0.14525567460805178, "lr": 0.02, "roi_head/num_bg_samples": 477.25, "roi_head/num_fg_samples": 34.75, "rpn/num_neg_anchors": 191.0, "rpn/num_pos_anchors": 65.0, "time": 0.4171552937477827, "total_loss": 0.778538707178086}
{"data_time": 0.006093548610806465, "eta_seconds": 6246.390982121229, "fast_rcnn/cls_accuracy": 0.951171875, "fast_rcnn/false_negative": 0.7057178932178932, "fast_rcnn/fg_cls_accuracy": 0.26181457431457433, "iteration": 239, "loss_box_reg": 0.2666514543816447, "loss_cls": 0.195964430924505, "loss_rpn_cls": 0.17427066154778004, "loss_rpn_loc": 0.1420216205297038, "lr": 0.02, "roi_head/num_bg_samples": 478.5, "roi_head/num_fg_samples": 31.25, "rpn/num_neg_anchors": 198.75, "rpn/num_pos_anchors": 57.25, "time": 0.41861311718821526, "total_loss": 0.7853978481143713}
{"data_time": 0.0063927751034498215, "eta_seconds": 6236.561626270413, "fast_rcnn/cls_accuracy": 0.947265625, "fast_rcnn/false_negative": 0.7583333333333333, "fast_rcnn/fg_cls_accuracy": 0.24166666666666667, "iteration": 259, "loss_box_reg": 0.22574144275858998, "loss_cls": 0.16383183817379177, "loss_rpn_cls": 0.17622965667396784, "loss_rpn_loc": 0.1909804311580956, "lr": 0.02, "roi_head/num_bg_samples": 481.75, "roi_head/num_fg_samples": 30.25, "rpn/num_neg_anchors": 198.0, "rpn/num_pos_anchors": 58.0, "time": 0.4197641350328922, "total_loss": 0.7370261595351622}
{"data_time": 0.006496967747807503, "fast_rcnn/cls_accuracy": 0.9443359375, "fast_rcnn/false_negative": 0.7481343283582089, "fast_rcnn/fg_cls_accuracy": 0.2518656716417911, "iteration": 269, "loss_box_reg": 0.24818400526419282, "loss_cls": 0.17839388828724623, "loss_rpn_cls": 0.19642960699275136, "loss_rpn_loc": 0.17288791481405497, "lr": 0.02, "roi_head/num_bg_samples": 479.5, "roi_head/num_fg_samples": 32.5, "rpn/num_neg_anchors": 199.75, "rpn/num_pos_anchors": 56.25, "time": 0.42238585837185383, "total_loss": 0.8038891050964594}
{"eta_seconds": 6232.614610360935, "iteration": 270}
